From_Cluster,To_Cluster,Connection_Strength
DJ Schmolli,SmadaLeinad,619
SmadaLeinad,JAY-Z,547
SmadaLeinad,DJ Schmolli,471
DJ Schmolli,JAY-Z,454
Girl Talk,JAY-Z,353
Triple-Q,SmadaLeinad,316
SmadaLeinad,Girl Talk,241
SmadaLeinad,Ye,227
Ye,JAY-Z,206
Girl Talk,SmadaLeinad,204
SmadaLeinad,Daft Punk,202
The Beatles,JAY-Z,199
leroy,SmadaLeinad,181
Triple-Q,JAY-Z,163
Daft Punk,SmadaLeinad,162
SmadaLeinad,DJ Nerd42,151
JAY-Z,Girl Talk,149
SmadaLeinad,Karina Longworth,142
SmadaLeinad,The Beatles,138
JAY-Z,SmadaLeinad,136
SmadaLeinad,Triple-Q,135
DJ Schmolli,Girl Talk,132
The Prodigy,JAY-Z,131
SmadaLeinad,leroy,128
SmadaLeinad,The Prodigy,125
Daft Punk,JAY-Z,123
Ye,SmadaLeinad,123
Karina Longworth,JAY-Z,122
DJ Schmolli,The Prodigy,119
JAY-Z,DJ Schmolli,118
Psynwav,SmadaLeinad,110
The Beatles,SmadaLeinad,109
DJ Schmolli,The Beatles,99
JAY-Z,Ye,97
DJ Shadow,JAY-Z,93
Girl Talk,DJ Schmolli,90
Girl Talk,Ye,83
JAY-Z,The Beatles,82
DJ Nerd42,JAY-Z,80
deadmau5,SmadaLeinad,79
近藤浩治,JAY-Z,78
DJ Nerd42,SmadaLeinad,78
SmadaLeinad,Psynwav,78
The Beatles,DJ Schmolli,75
JAY-Z,Karina Longworth,74
Triple-Q,Ye,73
Psynwav,JAY-Z,72
DJ Schmolli,Karina Longworth,72
DJ Schmolli,Daft Punk,72
JAY-Z,The Prodigy,71
Karina Longworth,SmadaLeinad,69
SmadaLeinad,DJ Shadow,66
SmadaLeinad,Beyoncé,65
Various Artists,JAY-Z,64
Ye,Daft Punk,64
Triple-Q,Girl Talk,64
SmadaLeinad,近藤浩治,63
Triple-Q,DJ Schmolli,61
Triple-Q,Psynwav,61
Triple-Q,Daft Punk,56
JAY-Z,DJ Shadow,55
Ye,Girl Talk,55
SmadaLeinad,goreshit,54
近藤浩治,SmadaLeinad,53
JAY-Z,Daft Punk,52
DJ Schmolli,Beyoncé,51
Triple-Q,近藤浩治,50
Karina Longworth,DJ Schmolli,49
Psynwav,Triple-Q,48
JAY-Z,Psynwav,48
Burial,JAY-Z,47
The Prodigy,DJ Schmolli,47
Triple-Q,DJ Nerd42,47
Daft Punk,Psynwav,47
Daft Punk,DJ Schmolli,46
Daft Punk,Ye,46
The Prodigy,SmadaLeinad,45
goreshit,SmadaLeinad,44
Triple-Q,leroy,44
Various Artists,SmadaLeinad,44
DJ Schmolli,Ye,44
The Beatles,Karina Longworth,44
DJ Schmolli,DJ Shadow,44
Various Artists,DJ Schmolli,42
DJ Schmolli,DJ Nerd42,42
SmadaLeinad,deadmau5,41
leroy,Ye,39
Daft Punk,Triple-Q,38
deadmau5,leroy,37
Ye,leroy,37
Ye,DJ Schmolli,37
DJ Schmolli,Basement Jaxx,37
SmadaLeinad,Jennifer Lopez,36
Beyoncé,JAY-Z,36
Girl Talk,The Prodigy,36
Girl Talk,近藤浩治,35
The Beatles,Girl Talk,35
King Cannibal,JAY-Z,35
Daft Punk,Girl Talk,34
近藤浩治,Girl Talk,33
JAY-Z,Beyoncé,33
Daft Punk,The Beatles,33
近藤浩治,Triple-Q,33
JAY-Z,DJ Nerd42,32
The Cut Up Boys,JAY-Z,32
DJ Schmolli,Triple-Q,32
Psynwav,DJ Schmolli,31
Girl Talk,Triple-Q,31
JAY-Z,Moby,30
JAY-Z,Jennifer Lopez,30
deadmau5,Daft Punk,30
leroy,JAY-Z,30
Plastician,JAY-Z,30
DJ Schmolli,leroy,30
The Beatles,The Prodigy,30
Girl Talk,Daft Punk,28
近藤浩治,DJ Schmolli,28
Jennifer Lopez,JAY-Z,28
Daft Punk,leroy,27
The Prodigy,Karina Longworth,27
近藤浩治,Ye,27
Girl Talk,DJ Nerd42,27
leroy,Daft Punk,27
DJ Nerd42,Girl Talk,26
goreshit,JAY-Z,26
DJ Schmolli,goreshit,26
Girl Talk,Beyoncé,26
deadmau5,DJ Schmolli,26
SmadaLeinad,Various Artists,26
Karina Longworth,The Prodigy,24
JAY-Z,Burial,24
The Avalanches,JAY-Z,24
Psynwav,Girl Talk,24
leroy,近藤浩治,24
Girl Talk,Karina Longworth,23
DJ Schmolli,deadmau5,23
Triple-Q,goreshit,23
Purple Disco Machine,JAY-Z,23
Basement Jaxx,JAY-Z,23
Ye,The Beatles,23
leroy,Triple-Q,23
DJ Nerd42,DJ Schmolli,23
Girl Talk,DJ Shadow,23
Various Artists,The Prodigy,22
Psynwav,近藤浩治,22
Karina Longworth,Daft Punk,22
leroy,DJ Schmolli,22
The Cut Up Boys,The Prodigy,22
Karina Longworth,The Beatles,22
SmadaLeinad,Burial,21
DJ Schmolli,The Cut Up Boys,21
Psynwav,leroy,21
DJ Nerd42,Daft Punk,21
deadmau5,Triple-Q,21
goreshit,DJ Schmolli,21
DJ Schmolli,Psynwav,20
SmadaLeinad,The Cut Up Boys,20
SmadaLeinad,The Winstons,20
The Cut Up Boys,DJ Schmolli,20
DJ Shadow,Ye,20
Triple-Q,Karina Longworth,20
DJ Shadow,SmadaLeinad,20
Adam WarRock,JAY-Z,20
Girl Talk,The Beatles,20
Ye,Burial,20
JAY-Z,The Winstons,20
SmadaLeinad,Basement Jaxx,19
The Prodigy,The Beatles,19
SmadaLeinad,Plastician,19
goreshit,Triple-Q,19
Daft Punk,The Prodigy,19
SmadaLeinad,Fleetwood Mac,19
The Cut Up Boys,SmadaLeinad,19
leroy,Girl Talk,19
Daft Punk,Karina Longworth,19
The Beatles,Beyoncé,18
Psynwav,Daft Punk,18
SmadaLeinad,GRV Music,18
Psynwav,Ye,18
Girl Talk,leroy,18
JAY-Z,King Cannibal,17
leroy,deadmau5,17
Ye,Triple-Q,17
DJ Shadow,DJ Schmolli,17
Daft Punk,近藤浩治,17
Ye,Jennifer Lopez,17
JAY-Z,Pink Floyd,17
Various Artists,The Cut Up Boys,17
DJ Schmolli,The Winstons,17
Ye,Karina Longworth,16
Girl Talk,Jennifer Lopez,16
leroy,Karina Longworth,16
deadmau5,JAY-Z,16
The Prodigy,Girl Talk,16
Karina Longworth,Girl Talk,16
Various Artists,Girl Talk,16
DJ Schmolli,Plastician,16
The Beatles,DJ Shadow,16
DJ Schmolli,Various Artists,16
Triple-Q,deadmau5,15
DJ Schmolli,近藤浩治,15
Girl Talk,Burial,15
deadmau5,The Cut Up Boys,15
DJ Nerd42,Triple-Q,15
JAY-Z,Professional Hairdresser,15
Karina Longworth,Ye,15
Burial,SmadaLeinad,15
Pretty Lights,JAY-Z,15
Fleetwood Mac,JAY-Z,15
Ye,The Prodigy,14
JAY-Z,Plastician,14
SmadaLeinad,King Cannibal,14
Karina Longworth,DJ Shadow,14
The Prodigy,DJ Shadow,14
King Cannibal,SmadaLeinad,14
goreshit,leroy,14
goreshit,Daft Punk,14
JAY-Z,Adam WarRock,13
Triple-Q,The Avalanches,13
The Prodigy,Daft Punk,13
DJ Schmolli,Pink Floyd,13
JAY-Z,Fleetwood Mac,13
Moby,JAY-Z,13
JAY-Z,R. Kelly,13
JAY-Z,leroy,13
R. Kelly,JAY-Z,13
JAY-Z,近藤浩治,13
Triple-Q,The Prodigy,13
Various Artists,Daft Punk,13
deadmau5,Ye,12
SmadaLeinad,Pink Floyd,12
Ye,goreshit,12
DJ Nerd42,Ye,12
goreshit,近藤浩治,12
DJ Shadow,Karina Longworth,12
SmadaLeinad,Moby,12
近藤浩治,DJ Nerd42,12
The Prodigy,Ye,12
Psynwav,goreshit,12
SmadaLeinad,The Avalanches,12
DJ Schmolli,Moby,12
近藤浩治,Daft Punk,12
Karina Longworth,King Cannibal,12
Triple-Q,Fleetwood Mac,12
Daft Punk,DJ Nerd42,12
Plastician,DJ Schmolli,12
The Avalanches,Triple-Q,12
Ye,近藤浩治,12
DJ Nerd42,近藤浩治,12
Triple-Q,The Beatles,12
Professional Hairdresser,JAY-Z,11
SmadaLeinad,Pretty Lights,11
Daft Punk,deadmau5,11
SmadaLeinad,R. Kelly,11
DJ Nerd42,Psynwav,11
DJ Shadow,The Prodigy,11
The Legion of Doom,SmadaLeinad,11
IAM,JAY-Z,11
The Winstons,SmadaLeinad,11
Girl Talk,Plastician,11
Triple-Q,Beyoncé,11
Basement Jaxx,SmadaLeinad,11
Triple-Q,Burial,11
John Williams,JAY-Z,11
Ye,Psynwav,11
The Legion of Doom,JAY-Z,11
Girl Talk,Psynwav,11
DJ Schmolli,King Cannibal,10
The Beatles,Daft Punk,10
The Winstons,JAY-Z,10
Plastician,SmadaLeinad,10
Fouria,JAY-Z,10
Various Artists,Plastician,10
Girl Talk,The Cut Up Boys,10
近藤浩治,Psynwav,10
JAY-Z,Triple-Q,10
近藤浩治,leroy,10
Daft Punk,DJ Shadow,10
Karina Longworth,The Winstons,10
Pink Floyd,JAY-Z,10
King Cannibal,Karina Longworth,9
Daft Punk,The Avalanches,9
Psynwav,DJ Nerd42,9
DJ Shadow,Girl Talk,9
Girl Talk,goreshit,9
GRV Music,JAY-Z,9
JAY-Z,Purple Disco Machine,9
DJ Schmolli,Fleetwood Mac,9
The Avalanches,SmadaLeinad,9
$WAGGOT,SmadaLeinad,9
Ye,DJ Nerd42,9
Ye,Beyoncé,9
Karina Longworth,leroy,9
Coil,SmadaLeinad,9
JAY-Z,Basement Jaxx,9
The Ultimate Seduction,JAY-Z,9
goreshit,Ye,9
Beyoncé,SmadaLeinad,9
Triple-Q,DJ Shadow,9
King Cannibal,The Prodigy,9
Ye,DJ Shadow,9
leroy,Psynwav,9
JAY-Z,GRV Music,8
JAY-Z,The Cut Up Boys,8
The Prodigy,Beyoncé,8
Various Artists,leroy,8
DJ Schmolli,The Ultimate Seduction,8
Various Artists,Karina Longworth,8
Daft Punk,goreshit,8
Pink Floyd,SmadaLeinad,8
John Williams,SmadaLeinad,8
DJ Schmolli,Jennifer Lopez,8
Karina Longworth,goreshit,8
John Williams,DJ Schmolli,8
Various Artists,Beyoncé,8
The Cut Up Boys,Daft Punk,8
SmadaLeinad,The Legion of Doom,8
The Cut Up Boys,deadmau5,8
DJ Schmolli,Adam WarRock,8
Various Artists,DJ Shadow,8
Various Artists,The Beatles,8
DJ Schmolli,The Legion of Doom,8
Daft Punk,Burial,8
Various Artists,Ye,8
deadmau5,Psynwav,8
Various Artists,goreshit,8
SmadaLeinad,Adam WarRock,8
Pretty Lights,SmadaLeinad,8
Plastician,Karina Longworth,8
The Cut Up Boys,leroy,8
Ye,RL Grime,8
The Avalanches,Karina Longworth,8
Fleetwood Mac,SmadaLeinad,7
Plastician,The Prodigy,7
DJ Schmolli,R. Kelly,7
Plastician,Girl Talk,7
GRV Music,DJ Schmolli,7
Karina Longworth,Beyoncé,7
The Beatles,Triple-Q,7
goreshit,Psynwav,7
The Cut Up Boys,Beyoncé,7
deadmau5,Various Artists,7
SmadaLeinad,Professional Hairdresser,7
The Prodigy,The Cut Up Boys,7
goreshit,The Prodigy,7
The Beatles,Ye,7
SmadaLeinad,Purple Disco Machine,7
Girl Talk,The Winstons,7
goreshit,Karina Longworth,7
近藤浩治,goreshit,7
Plastician,Professional Hairdresser,7
Jennifer Lopez,SmadaLeinad,7
The Beatles,Burial,7
Various Artists,Professional Hairdresser,7
Burial,Daft Punk,7
Adam WarRock,SmadaLeinad,7
King Cannibal,Daft Punk,7
Girl Talk,Basement Jaxx,7
leroy,The Winstons,7
DJ Shadow,The Beatles,7
Triple-Q,Basement Jaxx,7
The Prodigy,King Cannibal,6
Beyoncé,Girl Talk,6
Various Artists,deadmau5,6
The Avalanches,Daft Punk,6
The Cut Up Boys,DJ Shadow,6
Basement Jaxx,The Prodigy,6
Various Artists,Basement Jaxx,6
Fouria,SmadaLeinad,6
The Avalanches,Ye,6
The Cut Up Boys,Ye,6
Pretty Lights,Karina Longworth,6
JAY-Z,Pretty Lights,6
Girl Talk,King Cannibal,6
Karina Longworth,Triple-Q,6
DJ Shadow,Beyoncé,6
Psynwav,The Beatles,6
Ye,The Cut Up Boys,6
The Ultimate Seduction,The Prodigy,6
goreshit,Girl Talk,6
Pretty Lights,DJ Schmolli,6
leroy,The Prodigy,6
goreshit,DJ Shadow,6
Ye,Pink Floyd,6
Beyoncé,Karina Longworth,6
$WAGGOT,JAY-Z,6
Pretty Lights,DJ Shadow,6
Psynwav,Beyoncé,6
King Cannibal,DJ Schmolli,6
The Beatles,goreshit,6
JAY-Z,Various Artists,6
leroy,goreshit,6
Basement Jaxx,DJ Schmolli,6
Daft Punk,The Winstons,6
Daft Punk,John Williams,6
DJ Schmolli,Pretty Lights,6
Psynwav,Karina Longworth,6
DJ Schmolli,Burial,6
The Prodigy,Professional Hairdresser,6
deadmau5,Plastician,6
leroy,Basement Jaxx,5
DJ Nerd42,The Beatles,5
The Cut Up Boys,King Cannibal,5
Ye,Adam WarRock,5
Burial,Triple-Q,5
leroy,Burial,5
Various Artists,Jennifer Lopez,5
Plastician,Burial,5
Karina Longworth,DJ Nerd42,5
King Cannibal,DJ Shadow,5
Various Artists,Moby,5
Karina Longworth,近藤浩治,5
Daft Punk,King Cannibal,5
Karina Longworth,Plastician,5
DJ Nerd42,The Prodigy,5
Plastician,Triple-Q,5
Girl Talk,Pink Floyd,5
DJ Schmolli,The Avalanches,5
goreshit,King Cannibal,5
GRV Music,SmadaLeinad,5
deadmau5,Girl Talk,5
Karina Longworth,Burial,5
The Beatles,The Cut Up Boys,5
Beyoncé,DJ Schmolli,5
Girl Talk,Moby,5
Karina Longworth,Adam WarRock,5
Ye,King Cannibal,5
Daft Punk,R. Kelly,5
Triple-Q,The Legion of Doom,5
Girl Talk,Fleetwood Mac,5
Triple-Q,The Cut Up Boys,5
Daft Punk,Pink Floyd,5
Daft Punk,Various Artists,5
DJ Shadow,Pink Floyd,5
Psynwav,DJ Shadow,5
近藤浩治,The Avalanches,5
Psynwav,The Avalanches,5
The Beatles,Basement Jaxx,5
Fleetwood Mac,DJ Schmolli,5
Ye,Moby,5
近藤浩治,The Beatles,5
JAY-Z,The Legion of Doom,5
DJ Shadow,Daft Punk,5
Triple-Q,R. Kelly,5
Various Artists,Triple-Q,5
Burial,Karina Longworth,4
Daft Punk,Purple Disco Machine,4
The Avalanches,Psynwav,4
The Ladybirds,JAY-Z,4
The Cut Up Boys,Burial,4
The Beatles,Pretty Lights,4
deadmau5,The Avalanches,4
Fouria,Girl Talk,4
電音部,goreshit,4
近藤浩治,deadmau5,4
Girl Talk,R. Kelly,4
Plastician,leroy,4
deadmau5,Karina Longworth,4
John Williams,Daft Punk,4
Girl Talk,Various Artists,4
The Beatles,Pink Floyd,4
Merzbow,DJ Schmolli,4
Triple-Q,The Winstons,4
Basement Jaxx,Girl Talk,4
DJ Schmolli,Professional Hairdresser,4
The Cut Up Boys,Karina Longworth,4
DJ Shadow,Plastician,4
The Beatles,DJ Nerd42,4
Burial,Ye,4
DJ Nerd42,goreshit,4
The Prodigy,近藤浩治,4
DJ Schmolli,Merzbow,4
Pretty Lights,Girl Talk,4
Various Artists,DJ Nerd42,4
goreshit,deadmau5,4
leroy,Various Artists,4
The Cut Up Boys,Various Artists,4
leroy,Beyoncé,4
Moby,DJ Schmolli,4
The Ultimate Seduction,The Beatles,4
Triple-Q,Adam WarRock,4
DJ Shadow,goreshit,4
近藤浩治,Beyoncé,4
Psynwav,deadmau5,4
The Legion of Doom,DJ Schmolli,4
The Cut Up Boys,Plastician,4
goreshit,Pink Floyd,4
Purple Disco Machine,DJ Schmolli,4
JAY-Z,The Avalanches,4
Professional Hairdresser,DJ Schmolli,4
John Williams,Karina Longworth,4
Various Artists,Fouria,4
Various Artists,GRV Music,4
JAY-Z,The Ultimate Seduction,4
The Avalanches,Girl Talk,4
Triple-Q,Jennifer Lopez,4
Karina Longworth,Psynwav,4
The Prodigy,DJ Nerd42,4
The Beatles,近藤浩治,4
Adam WarRock,Ye,4
Basement Jaxx,Karina Longworth,4
King Cannibal,leroy,4
The Ladybirds,Psynwav,4
近藤浩治,Burial,4
SmadaLeinad,IAM,4
Beyoncé,Ye,4
The Cut Up Boys,The Beatles,4
Various Artists,R. Kelly,4
deadmau5,goreshit,4
Pink Floyd,Triple-Q,4
Burial,Girl Talk,4
JAY-Z,goreshit,4
R. Kelly,Ye,4
Ye,deadmau5,4
The Beatles,Plastician,4
Fouria,DJ Schmolli,4
The Beatles,leroy,4
Beyoncé,Daft Punk,4
Daft Punk,Jennifer Lopez,4
Psynwav,The Winstons,4
Psynwav,Purple Disco Machine,4
The Beatles,King Cannibal,4
JAY-Z,RL Grime,4
The Prodigy,Psynwav,4
Ye,Plastician,4
The Prodigy,leroy,3
Plastician,Various Artists,3
Professional Hairdresser,The Beatles,3
DJ Shadow,DJ Nerd42,3
DJ Nerd42,Pink Floyd,3
近藤浩治,Fleetwood Mac,3
Ye,Purple Disco Machine,3
The Cut Up Boys,Purple Disco Machine,3
deadmau5,Burial,3
Adam WarRock,The Beatles,3
Psynwav,Pink Floyd,3
Psynwav,The Prodigy,3
Girl Talk,Pretty Lights,3
Basement Jaxx,Beyoncé,3
Daft Punk,Beyoncé,3
Triple-Q,電音部,3
Jennifer Lopez,Daft Punk,3
Jennifer Lopez,DJ Schmolli,3
Ye,Merzbow,3
The Legion of Doom,leroy,3
近藤浩治,The Prodigy,3
The Prodigy,Pretty Lights,3
leroy,DJ Nerd42,3
DJ Shadow,leroy,3
The Avalanches,DJ Shadow,3
Fleetwood Mac,The Beatles,3
Pink Floyd,Daft Punk,3
Karina Longworth,Moby,3
The Winstons,leroy,3
King Cannibal,The Beatles,3
Psynwav,The Legion of Doom,3
The Avalanches,DJ Schmolli,3
Beyoncé,The Beatles,3
近藤浩治,DJ Shadow,3
Burial,Beyoncé,3
Fleetwood Mac,近藤浩治,3
The Prodigy,Burial,3
The Legion of Doom,DJ Nerd42,3
The Winstons,近藤浩治,3
Moby,Daft Punk,3
JAY-Z,deadmau5,3
John Williams,The Prodigy,3
Girl Talk,Professional Hairdresser,3
The Ultimate Seduction,Daft Punk,3
電音部,Psynwav,3
The Winstons,Daft Punk,3
The Beatles,Jennifer Lopez,3
The Prodigy,Plastician,3
Various Artists,近藤浩治,3
The Winstons,DJ Schmolli,3
goreshit,The Beatles,3
Beyoncé,Psynwav,3
DJ Schmolli,Fouria,3
Ye,Basement Jaxx,3
King Cannibal,Beyoncé,3
deadmau5,DJ Nerd42,3
goreshit,Beyoncé,3
Adam WarRock,Girl Talk,3
Various Artists,Pink Floyd,3
Plastician,Purple Disco Machine,3
Ye,Professional Hairdresser,3
Merzbow,The Prodigy,3
King Cannibal,Girl Talk,3
SmadaLeinad,Fouria,3
John Williams,Triple-Q,3
deadmau5,John Williams,3
Daft Punk,The Cut Up Boys,3
SmadaLeinad,$WAGGOT,3
The Prodigy,Jennifer Lopez,3
Triple-Q,RL Grime,3
King Cannibal,The Cut Up Boys,3
The Beatles,Adam WarRock,3
近藤浩治,Plastician,3
Triple-Q,Plastician,3
Purple Disco Machine,The Beatles,3
The Prodigy,goreshit,3
The Winstons,Karina Longworth,3
King Cannibal,Plastician,3
John Williams,Girl Talk,3
Basement Jaxx,DJ Nerd42,3
King Cannibal,Ye,3
The Cut Up Boys,Girl Talk,3
GRV Music,Girl Talk,3
Adam WarRock,leroy,3
DJ Shadow,King Cannibal,3
The Winstons,The Prodigy,3
Jennifer Lopez,Girl Talk,3
The Beatles,Fleetwood Mac,3
Basement Jaxx,DJ Shadow,3
DJ Schmolli,Purple Disco Machine,3
deadmau5,近藤浩治,3
leroy,The Beatles,3
JAY-Z,Fouria,3
The Prodigy,The Winstons,3
The Cut Up Boys,Pretty Lights,3
SmadaLeinad,Merzbow,3
Burial,DJ Schmolli,3
DJ Shadow,The Avalanches,3
The Prodigy,Basement Jaxx,3
R. Kelly,SmadaLeinad,3
Fleetwood Mac,The Prodigy,3
Fouria,Daft Punk,3
SmadaLeinad,The Ladybirds,3
Ye,The Winstons,3
Jowell and Randy,DJ Schmolli,2
deadmau5,RL Grime,2
DJ Shadow,Moby,2
Purple Disco Machine,Daft Punk,2
Plastician,Pretty Lights,2
The Beatles,R. Kelly,2
Merzbow,DJ Shadow,2
goreshit,The Winstons,2
Karina Longworth,GRV Music,2
Karina Longworth,Fouria,2
King Cannibal,Adam WarRock,2
Ye,GRV Music,2
Pink Floyd,DJ Schmolli,2
The Ladybirds,Girl Talk,2
DJ Schmolli,Coil,2
Pink Floyd,Ye,2
Soni,SmadaLeinad,2
Various Artists,Psynwav,2
DJ Shadow,Merzbow,2
The Ultimate Seduction,DJ Schmolli,2
deadmau5,Beyoncé,2
goreshit,The Avalanches,2
The Beatles,Merzbow,2
Beyoncé,Plastician,2
Purple Disco Machine,SmadaLeinad,2
Moby,DJ Nerd42,2
$WAGGOT,Karina Longworth,2
goreshit,Plastician,2
Curse,JAY-Z,2
Professional Hairdresser,近藤浩治,2
leroy,King Cannibal,2
DJ Nerd42,Fleetwood Mac,2
DJ Shadow,R. Kelly,2
deadmau5,DJ Shadow,2
King Cannibal,Fleetwood Mac,2
JAY-Z,John Williams,2
DJもっちー,goreshit,2
近藤浩治,Moby,2
Pretty Lights,Ye,2
Karina Longworth,Basement Jaxx,2
Plastician,DJ Nerd42,2
JAY-Z,The Ladybirds,2
Fleetwood Mac,DJ Nerd42,2
King Cannibal,Triple-Q,2
Pretty Lights,Burial,2
Professional Hairdresser,Ye,2
Merzbow,Daft Punk,2
Pretty Lights,King Cannibal,2
The Ladybirds,Ye,2
The Winstons,DJ Nerd42,2
Girl Talk,The Avalanches,2
Karina Longworth,Pink Floyd,2
Psynwav,Burial,2
GRV Music,Ye,2
leroy,DJ Shadow,2
$WAGGOT,goreshit,2
The Beatles,The Avalanches,2
The Avalanches,Fleetwood Mac,2
DJ Nerd42,DJ Shadow,2
The Cut Up Boys,John Williams,2
Karina Longworth,Jennifer Lopez,2
Lil Uzi Vert,SmadaLeinad,2
Merzbow,goreshit,2
Pretty Lights,deadmau5,2
Various Artists,Pretty Lights,2
Triple-Q,GRV Music,2
Moby,The Beatles,2
Karina Longworth,The Cut Up Boys,2
DJ Nerd42,Pretty Lights,2
Jennifer Lopez,Triple-Q,2
R. Kelly,Girl Talk,2
The Beatles,Professional Hairdresser,2
Ye,The Legion of Doom,2
DJ Nerd42,Jennifer Lopez,2
John Williams,goreshit,2
Ye,R. Kelly,2
Karina Longworth,The Ultimate Seduction,2
Girl Talk,Adam WarRock,2
Basement Jaxx,The Beatles,2
Plastician,Ye,2
Fleetwood Mac,Karina Longworth,2
deadmau5,Moby,2
Ye,Various Artists,2
paniq,SmadaLeinad,2
Psynwav,R. Kelly,2
The Cut Up Boys,Pink Floyd,2
Raphael,JAY-Z,2
Professional Hairdresser,Girl Talk,2
leroy,Pink Floyd,2
leroy,$WAGGOT,2
RL Grime,leroy,2
deadmau5,電音部,2
Liquid Soul,JAY-Z,2
The Legion of Doom,Girl Talk,2
R. Kelly,DJ Schmolli,2
goreshit,DJ Nerd42,2
IAM,Karina Longworth,2
Various Artists,Adam WarRock,2
Plastician,The Cut Up Boys,2
leroy,The Avalanches,2
SmadaLeinad,John Williams,2
Fouria,Karina Longworth,2
King Cannibal,goreshit,2
Girl Talk,GRV Music,2
Pink Floyd,Beyoncé,2
leroy,R. Kelly,2
The Cut Up Boys,The Ultimate Seduction,2
John Williams,The Beatles,2
Ye,Fouria,2
The Ultimate Seduction,Beyoncé,2
Moby,The Prodigy,2
SmadaLeinad,RL Grime,2
Fleetwood Mac,leroy,2
leroy,RL Grime,2
King Cannibal,DJ Nerd42,2
deadmau5,The Prodigy,2
Plastician,DJ Shadow,2
Professional Hairdresser,King Cannibal,2
Various Artists,King Cannibal,2
The Prodigy,Triple-Q,2
Burial,近藤浩治,2
The Prodigy,Fleetwood Mac,2
DJ Shadow,Purple Disco Machine,2
Girl Talk,RL Grime,2
Psynwav,Various Artists,2
leroy,The Cut Up Boys,2
The Winstons,The Beatles,2
The Prodigy,Purple Disco Machine,2
The Cut Up Boys,GRV Music,2
leroy,Fleetwood Mac,2
Pink Floyd,The Avalanches,2
Karina Longworth,Various Artists,2
Daft Punk,The Legion of Doom,2
The Avalanches,DJ Nerd42,2
$WAGGOT,DJ Schmolli,2
goreshit,The Cut Up Boys,2
deadmau5,Basement Jaxx,2
Adam WarRock,Karina Longworth,2
The Cut Up Boys,goreshit,2
RL Grime,SmadaLeinad,2
Fleetwood Mac,Daft Punk,2
The Cut Up Boys,近藤浩治,2
DJ Nerd42,RL Grime,2
Triple-Q,The Ladybirds,2
The Prodigy,Fouria,2
goreshit,Basement Jaxx,2
JAY-Z,Merzbow,2
DJ Nerd42,The Avalanches,2
The Beatles,The Winstons,2
The Cut Up Boys,Triple-Q,2
Lil Uzi Vert,leroy,2
The Legion of Doom,goreshit,2
Girl Talk,The Ladybirds,2
Fleetwood Mac,Girl Talk,2
Plastician,deadmau5,2
Purple Disco Machine,Karina Longworth,2
Triple-Q,King Cannibal,2
Purple Disco Machine,近藤浩治,2
DJ Nerd42,Karina Longworth,2
Girl Talk,Purple Disco Machine,2
電音部,leroy,2
Karina Longworth,The Avalanches,2
The Prodigy,The Avalanches,2
The Prodigy,Pink Floyd,2
leroy,Fouria,2
SmadaLeinad,Lil Uzi Vert,2
Braiden,JAY-Z,2
The Legion of Doom,Karina Longworth,2
近藤浩治,Jennifer Lopez,2
The Prodigy,Moby,2
Moby,Psynwav,2
Beyoncé,The Prodigy,2
The Winstons,Ye,2
The Legion of Doom,Triple-Q,2
Pink Floyd,Karina Longworth,2
The Winstons,Psynwav,2
DJ Nerd42,Beyoncé,1
Moby,Karina Longworth,1
RL Grime,Girl Talk,1
DJ Nerd42,Various Artists,1
RL Grime,King Cannibal,1
Purple Disco Machine,DJ Shadow,1
Lil Uzi Vert,DJ Schmolli,1
The Ultimate Seduction,Psynwav,1
Merzbow,Beyoncé,1
goreshit,Burial,1
The Prodigy,Merzbow,1
The Cut Up Boys,Adam WarRock,1
DJ Schmolli,Toronto Is Broken,1
DJ Nerd42,King Cannibal,1
Fouria,Pink Floyd,1
The Legion of Doom,The Prodigy,1
The Beatles,Fouria,1
Professional Hairdresser,The Prodigy,1
電音部,deadmau5,1
The Prodigy,The Ultimate Seduction,1
Adam WarRock,Triple-Q,1
Jowell and Randy,Various Artists,1
Basement Jaxx,The Cut Up Boys,1
Purple Disco Machine,Professional Hairdresser,1
SmadaLeinad,AJJ,1
Fouria,Professional Hairdresser,1
Various Artists,Fleetwood Mac,1
John Williams,Burial,1
Jennifer Lopez,Psynwav,1
SmadaLeinad,電音部,1
Psynwav,King Cannibal,1
Daft Punk,Adam WarRock,1
Plastician,The Ultimate Seduction,1
King Cannibal,Fouria,1
Triple-Q,Pretty Lights,1
SmadaLeinad,Current 93,1
leroy,Jennifer Lopez,1
開発室Pixel,deadmau5,1
GRV Music,leroy,1
Beyoncé,Triple-Q,1
JAY-Z,Egon,1
Jennifer Lopez,Burial,1
近藤浩治,King Cannibal,1
leroy,The Legion of Doom,1
SmadaLeinad,TISM,1
$WAGGOT,leroy,1
Triple-Q,Purple Disco Machine,1
Skyper,Triple-Q,1
Daft Punk,Lil Uzi Vert,1
The Avalanches,The Prodigy,1
The Prodigy,RL Grime,1
Jennifer Lopez,DJ Shadow,1
Fouria,Purple Disco Machine,1
DJ Soina,JAY-Z,1
Purple Disco Machine,Pretty Lights,1
Fleetwood Mac,Basement Jaxx,1
Ye,Lil Uzi Vert,1
leroy,GRV Music,1
Various Artists,Burial,1
Daft Punk,GRV Music,1
近藤浩治,電音部,1
Various Artists,The Legion of Doom,1
SmadaLeinad,Yann Walcker,1
DJ Schmolli,Pete Oak,1
Jennifer Lopez,The Prodigy,1
Ashford and Simpson,JAY-Z,1
近藤浩治,Purple Disco Machine,1
Pretty Lights,Plastician,1
The Ladybirds,SmadaLeinad,1
Fouria,GRV Music,1
Triple-Q,$WAGGOT,1
DJ Nerd42,Moby,1
The Cut Up Boys,Fleetwood Mac,1
The Beatles,Psynwav,1
leroy,Plastician,1
Fouria,leroy,1
The Prodigy,The Ladybirds,1
R. Kelly,Daft Punk,1
$WAGGOT,近藤浩治,1
Psynwav,電音部,1
The Legion of Doom,DJ Shadow,1
近藤浩治,The Winstons,1
goreshit,Adam WarRock,1
Basement Jaxx,Moby,1
leroy,John Williams,1
Adam WarRock,DJ Shadow,1
The Ultimate Seduction,DJ Shadow,1
Lil Uzi Vert,Ye,1
IAM,Ye,1
Triple-Q,Professional Hairdresser,1
JAY-Z,Coil,1
R. Kelly,Various Artists,1
$WAGGOT,Beyoncé,1
John Williams,DJ Shadow,1
Pretty Lights,Triple-Q,1
Fouria,Various Artists,1
Psynwav,Moby,1
deadmau5,Lil Uzi Vert,1
DJ Nerd42,The Winstons,1
Daft Punk,Plastician,1
SmadaLeinad,Timecop1983,1
RL Grime,Karina Longworth,1
DJ Shadow,Jennifer Lopez,1
The Beatles,The Ladybirds,1
Professional Hairdresser,Pretty Lights,1
Tim Nable,JAY-Z,1
Pretty Lights,DJ Nerd42,1
DJもっちー,deadmau5,1
開発室Pixel,JAY-Z,1
Beyoncé,The Ultimate Seduction,1
Moby,Triple-Q,1
The Avalanches,goreshit,1
電音部,近藤浩治,1
$WAGGOT,Pink Floyd,1
近藤浩治,Pretty Lights,1
Moby,Basement Jaxx,1
GRV Music,Triple-Q,1
The Winstons,goreshit,1
Professional Hairdresser,Burial,1
Pretty Lights,Pink Floyd,1
DJ Shadow,The Winstons,1
Plastician,Moby,1
Girl Talk,Coil,1
Professional Hairdresser,deadmau5,1
R. Kelly,The Avalanches,1
Karina Longworth,Professional Hairdresser,1
Girl Talk,$WAGGOT,1
DJ Nerd42,Burial,1
The Prodigy,Coil,1
Burial,King Cannibal,1
DJ Schmolli,Dubmood,1
SmadaLeinad,Coil,1
Merzbow,The Cut Up Boys,1
The Avalanches,Purple Disco Machine,1
Fouria,DJ Shadow,1
Fleetwood Mac,Psynwav,1
Purple Disco Machine,Burial,1
Merzbow,Triple-Q,1
JAY-Z,$WAGGOT,1
DJ Shadow,Basement Jaxx,1
Moby,Plastician,1
Fouria,goreshit,1
The Prodigy,Adam WarRock,1
Basement Jaxx,$WAGGOT,1
The Winstons,Various Artists,1
Purple Disco Machine,Ye,1
Professional Hairdresser,goreshit,1
R. Kelly,Beyoncé,1
The Legion of Doom,Ye,1
近藤浩治,開発室Pixel,1
deadmau5,The Ladybirds,1
Adam WarRock,The Ladybirds,1
Psynwav,GRV Music,1
DJ Shadow,Professional Hairdresser,1
Jordan Fields,JAY-Z,1
The Legion of Doom,Beyoncé,1
Plastician,Beyoncé,1
Master Genius,JAY-Z,1
Pink Floyd,goreshit,1
The Cut Up Boys,Basement Jaxx,1
Psynwav,Adam WarRock,1
King Cannibal,Jennifer Lopez,1
SmadaLeinad,Skyper,1
Jennifer Lopez,deadmau5,1
Pink Floyd,DJ Nerd42,1
The Beatles,Various Artists,1
goreshit,Pretty Lights,1
R. Kelly,Professional Hairdresser,1
Professional Hairdresser,leroy,1
Daft Punk,Moby,1
Beyoncé,Purple Disco Machine,1
Karina Longworth,deadmau5,1
Daft Punk,Pretty Lights,1
Ye,Fleetwood Mac,1
Ye,John Williams,1
goreshit,The Legion of Doom,1
電音部,Ye,1
The Legion of Doom,deadmau5,1
Purple Disco Machine,Girl Talk,1
DJ Shadow,Triple-Q,1
King Cannibal,The Ladybirds,1
開発室Pixel,DJ Schmolli,1
Merzbow,King Cannibal,1
Karina Longworth,Merzbow,1
The Ultimate Seduction,Ye,1
deadmau5,Fleetwood Mac,1
Psynwav,Professional Hairdresser,1
DJ Nerd42,leroy,1
Triple-Q,Various Artists,1
The Winstons,John Williams,1
The Winstons,Triple-Q,1
leroy,Adam WarRock,1
DJ Nerd42,GRV Music,1
R. Kelly,Burial,1
The Cut Up Boys,Jennifer Lopez,1
Adam WarRock,Psynwav,1
The Legion of Doom,Burial,1
開発室Pixel,DJ Nerd42,1
Professional Hairdresser,Fleetwood Mac,1
SmadaLeinad,Jowell and Randy,1
Ye,The Ladybirds,1
Professional Hairdresser,Moby,1
The Avalanches,deadmau5,1
Moby,DJ Shadow,1
paniq,JAY-Z,1
Jowell and Randy,SmadaLeinad,1
Burial,Fouria,1
The Ultimate Seduction,Jennifer Lopez,1
Plastician,Jennifer Lopez,1
Winno,SmadaLeinad,1
Daft Punk,Fleetwood Mac,1
The Beatles,Moby,1
Merzbow,Karina Longworth,1
Fouria,Ye,1
Plastician,近藤浩治,1
Professional Hairdresser,Karina Longworth,1
The Winstons,Burial,1
The Legion of Doom,近藤浩治,1
deadmau5,R. Kelly,1
The Winstons,Purple Disco Machine,1
John Williams,DJ Nerd42,1
Professional Hairdresser,Various Artists,1
The Prodigy,Various Artists,1
近藤浩治,Karina Longworth,1
R. Kelly,King Cannibal,1
King Cannibal,Various Artists,1
Beyoncé,Basement Jaxx,1
Beyoncé,leroy,1
DJ Shadow,Fouria,1
John Williams,Basement Jaxx,1
$WAGGOT,Girl Talk,1
The Avalanches,Pink Floyd,1
Professional Hairdresser,DJ Nerd42,1
Beyoncé,近藤浩治,1
Karina Longworth,Purple Disco Machine,1
JAY-Z,The Korgis,1
RL Grime,deadmau5,1
Burial,leroy,1
Dubmood,Girl Talk,1
Bad Bunny,SmadaLeinad,1
deadmau5,Adam WarRock,1
Psynwav,Fouria,1
Basement Jaxx,GRV Music,1
goreshit,The Ladybirds,1
Moby,Fleetwood Mac,1
Girl Talk,電音部,1
SmadaLeinad,Looptroop Rockers,1
leroy,Pretty Lights,1
Various Artists,Liquid Soul,1
Professional Hairdresser,The Winstons,1
Moby,Girl Talk,1
Daft Punk,IAM,1
RL Grime,Basement Jaxx,1
Merzbow,The Ultimate Seduction,1
"Ecstasy, Passion and Pain",JAY-Z,1
Beyoncé,DJ Shadow,1
Jennifer Lopez,Various Artists,1
DJ Schmolli,John Williams,1
GRV Music,Jennifer Lopez,1
SmadaLeinad,Liquid Soul,1
JAY-Z,ノア,1
Daft Punk,$WAGGOT,1
Burial,Moby,1
The Avalanches,Jennifer Lopez,1
Adam WarRock,DJ Schmolli,1
Karina Longworth,RL Grime,1
Nicolas Repac,SmadaLeinad,1
Triple-Q,Fouria,1
Various Artists,The Winstons,1
Beyoncé,deadmau5,1
DJ Shadow,Psynwav,1
King Cannibal,Basement Jaxx,1
Jennifer Lopez,goreshit,1
Moby,goreshit,1
John Williams,近藤浩治,1
Psynwav,Plastician,1
GRV Music,Daft Punk,1
The Beatles,$WAGGOT,1
DJ Schmolli,GRV Music,1
Plastician,Daft Punk,1
電音部,Daft Punk,1
Coil,Girl Talk,1
deadmau5,The Beatles,1
Purple Disco Machine,Jennifer Lopez,1
Basement Jaxx,The Winstons,1
The Cynphetic Collective,Triple-Q,1
Plastician,$WAGGOT,1
Burial,Fleetwood Mac,1
The Winstons,The Avalanches,1
Jennifer Lopez,The Winstons,1
leroy,Jowell and Randy,1
Professional Hairdresser,Plastician,1
DJ Shadow,Pretty Lights,1
Triple-Q,Moby,1
RL Grime,Daft Punk,1
King Cannibal,The Avalanches,1
$WAGGOT,The Prodigy,1
King Cannibal,The Winstons,1
$WAGGOT,Burial,1
The Cut Up Boys,RL Grime,1
Moby,The Winstons,1
The Ultimate Seduction,SmadaLeinad,1
Daft Punk,The Ultimate Seduction,1
Karina Longworth,R. Kelly,1
Fleetwood Mac,Ye,1
Fouria,Burial,1
The Avalanches,King Cannibal,1
Various Artists,Pete Oak,1
SmadaLeinad,KaTT,1
JINUSEAN,JAY-Z,1
The Prodigy,GRV Music,1
Plastician,The Avalanches,1
電音部,Triple-Q,1
Moby,The Cut Up Boys,1
電音部,SmadaLeinad,1
SmadaLeinad,Dave Rodgers,1
DJ Shadow,RL Grime,1
Beyoncé,The Winstons,1
[traditional],JAY-Z,1
Иван Купала,JAY-Z,1
近藤浩治,RL Grime,1
The Legion of Doom,Psynwav,1
JINUSEAN,DJ Schmolli,1
Fleetwood Mac,Jennifer Lopez,1
The Avalanches,Various Artists,1
Purple Disco Machine,The Prodigy,1
Daft Punk,Merzbow,1
The Ultimate Seduction,Fleetwood Mac,1
The Avalanches,RL Grime,1
The Beatles,GRV Music,1
Professional Hairdresser,Daft Punk,1
近藤浩治,Professional Hairdresser,1
Ye,The Avalanches,1
R. Kelly,leroy,1
Basement Jaxx,Various Artists,1
Jennifer Lopez,King Cannibal,1
Burial,The Prodigy,1
Bad Sex,SmadaLeinad,1
Plastician,Psynwav,1
Burial,Psynwav,1
Plastician,goreshit,1
King Cannibal,Psynwav,1
Pretty Lights,The Winstons,1
Psynwav,Fleetwood Mac,1
Basement Jaxx,leroy,1
John Williams,Beyoncé,1
DJ Schmolli,Curse,1
SmadaLeinad,The Ultimate Seduction,1
Fouria,R. Kelly,1
The Prodigy,$WAGGOT,1
Pretty Lights,Daft Punk,1
Professional Hairdresser,Beyoncé,1
Pink Floyd,近藤浩治,1
John Williams,Ye,1
Various Artists,Purple Disco Machine,1
Jowell and Randy,近藤浩治,1
The Beatles,Purple Disco Machine,1
Sorry about my face,SmadaLeinad,1
Purple Disco Machine,Beyoncé,1
